Model,Precision,Recall,f1 score,Train Accuracy,Test Accuracy,ROC-AUC,Train Time (s)
Bi_lstm-adam,0.971830985915493,0.9261744966442952,0.9484536082474226,0.9987908005714417,0.9710144927536232,0.9576598399096646,38.17
lstm-adam,0.9125,0.9798657718120806,0.9449838187702266,0.9854897260665894,0.9671497584541064,0.9709369564623496,15.05
gru-adam,0.9166666666666666,0.9228187919463088,0.9197324414715716,0.9951632618904114,0.9536231884057972,0.9444487446841447,20.68
