Model,Precision,Recall,f1 score,Train Accuracy,Test Accuracy,ROC-AUC,Train Time (s)
Bi_lstm-nadam,0.976510067114094,0.9603960396039604,0.9683860232945092,0.9993954300880432,0.9816425120772948,0.9754165990369528,49.98
gru-nadam,0.9829931972789115,0.9537953795379538,0.9681742043551088,0.9993954300880432,0.9816425120772948,0.9734823892225288,20.86
lstm-nadam,0.9829351535836176,0.9504950495049505,0.9664429530201342,0.9981862306594848,0.9806763285024156,0.9718322242060272,24.03
