Model,Precision,Recall,f1 score,Train Accuracy,Test Accuracy,ROC-AUC,Train Time (s)
Bi_lstm-rms,0.972972972972973,0.9442622950819672,0.9584026622296172,0.9981862306594848,0.9758454106280192,0.9666516954861892,85.54
gru-rms,0.956810631229236,0.9442622950819672,0.9504950495049506,0.9972793459892272,0.9710144927536232,0.9632270379519426,22.07
lstm-rms,0.8981481481481481,0.9540983606557376,0.9252782193958664,0.9987908005714417,0.9545893719806764,0.9544464406018416,43.25
